step,sim_time,sim_time_str,drain_count
0,0.0,00:00,0
1,0.0,00:00,0
2,0.0,00:00,0
3,0.0,00:00,0
4,0.0,00:00,0
5,0.0,00:00,0
6,0.0,00:00,0
7,0.0,00:00,0
8,0.0,00:00,0
9,0.0,00:00,0
10,0.0,00:00,0
11,0.0,00:00,0
12,0.0,00:00,0
13,0.0,00:00,0
14,0.0,00:00,0
15,0.0,00:00,0
16,0.0,00:00,0
17,0.0,00:00,0
18,0.0,00:00,0
19,0.0,00:00,0
20,0.0,00:00,0
21,0.0,00:00,0
22,0.0,00:00,0
23,0.0,00:00,0
24,0.0,00:00,0
25,0.0,00:00,0
26,0.0,00:00,0
27,0.0,00:00,0
28,0.0,00:00,0
29,0.0,00:00,0
30,0.0,00:00,0
31,0.0,00:00,0
32,0.0,00:00,0
33,0.0,00:00,0
34,0.0,00:00,0
35,0.0,00:00,0
36,0.0,00:00,0
37,0.0,00:00,0
38,0.0,00:00,0
39,0.0,00:00,0
40,0.0,00:00,0
41,0.0,00:00,0
42,0.0,00:00,0
43,0.0,00:00,0
44,34732.834013647225,09:38,10
45,34732.834013647225,09:38,10
46,34732.834013647225,09:38,10
47,34732.834013647225,09:38,10
48,34732.834013647225,09:38,10
49,34732.834013647225,09:38,10
50,34732.834013647225,09:38,10
51,34732.834013647225,09:38,10
52,34732.834013647225,09:38,10
53,34732.834013647225,09:38,10
54,34732.834013647225,09:38,10
55,34732.834013647225,09:38,10
56,34732.834013647225,09:38,10
57,34732.834013647225,09:38,10
58,34732.834013647225,09:38,10
59,34732.834013647225,09:38,10
60,34732.834013647225,09:38,10
61,34732.834013647225,09:38,10
62,48874.084013647225,13:34,20
63,48874.084013647225,13:34,20
64,48874.084013647225,13:34,20
65,48874.084013647225,13:34,20
66,48874.084013647225,13:34,20
67,48874.084013647225,13:34,20
68,53584.834013647225,14:53,30
69,53584.834013647225,14:53,30
70,53584.834013647225,14:53,30
71,53584.834013647225,14:53,30
72,53584.834013647225,14:53,30
73,53584.834013647225,14:53,30
74,53584.834013647225,14:53,30
75,53584.834013647225,14:53,30
76,53584.834013647225,14:53,30
77,53584.834013647225,14:53,30
78,53584.834013647225,14:53,30
79,53584.834013647225,14:53,30
80,53584.834013647225,14:53,30
81,53584.834013647225,14:53,30
82,53584.834013647225,14:53,30
83,53584.834013647225,14:53,30
84,53584.834013647225,14:53,30
85,53584.834013647225,14:53,30
86,53584.834013647225,14:53,30
87,53584.834013647225,14:53,30
88,53584.834013647225,14:53,30
89,53584.834013647225,14:53,30
90,53584.834013647225,14:53,30
91,53584.834013647225,14:53,30
92,53584.834013647225,14:53,30
93,53584.834013647225,14:53,30
94,53584.834013647225,14:53,30
95,74787.33401364723,20:46,40
96,74787.33401364723,20:46,40
97,74787.33401364723,20:46,40
98,74787.33401364723,20:46,40
99,74787.33401364723,20:46,40
100,74787.33401364723,20:46,40
101,74787.33401364723,20:46,40
102,74787.33401364723,20:46,40
103,74787.33401364723,20:46,40
104,74787.33401364723,20:46,40
105,74787.33401364723,20:46,40
106,74787.33401364723,20:46,40
107,74787.33401364723,20:46,40
108,74787.33401364723,20:46,40
109,74787.33401364723,20:46,40
110,74787.33401364723,20:46,40
111,74787.33401364723,20:46,40
112,88152.33401364723,24:29,50
113,88152.33401364723,24:29,50
114,88152.33401364723,24:29,50
115,88152.33401364723,24:29,50
116,88152.33401364723,24:29,50
117,88152.33401364723,24:29,50
118,88152.33401364723,24:29,50
119,88152.33401364723,24:29,50
120,88152.33401364723,24:29,50
121,88152.33401364723,24:29,50
122,88152.33401364723,24:29,50
123,88152.33401364723,24:29,50
124,88152.33401364723,24:29,50
125,88152.33401364723,24:29,50
126,88152.33401364723,24:29,50
127,88152.33401364723,24:29,50
128,100725.33401364723,27:58,60
129,100725.33401364723,27:58,60
130,100725.33401364723,27:58,60
131,100725.33401364723,27:58,60
132,100725.33401364723,27:58,60
133,100725.33401364723,27:58,60
134,100725.33401364723,27:58,60
135,100725.33401364723,27:58,60
136,100725.33401364723,27:58,60
137,100725.33401364723,27:58,60
138,100725.33401364723,27:58,60
139,100725.33401364723,27:58,60
140,100725.33401364723,27:58,60
141,100725.33401364723,27:58,60
142,100725.33401364723,27:58,60
143,100725.33401364723,27:58,60
144,100725.33401364723,27:58,60
145,100725.33401364723,27:58,60
146,100725.33401364723,27:58,60
147,100725.33401364723,27:58,60
148,100725.33401364723,27:58,60
149,100725.33401364723,27:58,60
150,100725.33401364723,27:58,60
151,100725.33401364723,27:58,60
152,100725.33401364723,27:58,60
153,100725.33401364723,27:58,60
154,100725.33401364723,27:58,60
155,100725.33401364723,27:58,60
156,100725.33401364723,27:58,60
157,100725.33401364723,27:58,60
158,100725.33401364723,27:58,60
159,100725.33401364723,27:58,60
160,125862.33401364723,34:57,70
161,125862.33401364723,34:57,70
162,125862.33401364723,34:57,70
163,125862.33401364723,34:57,70
164,125862.33401364723,34:57,70
165,125862.33401364723,34:57,70
166,125862.33401364723,34:57,70
167,125862.33401364723,34:57,70
168,125862.33401364723,34:57,70
169,125862.33401364723,34:57,70
170,125862.33401364723,34:57,70
171,125862.33401364723,34:57,70
172,125862.33401364723,34:57,70
173,125862.33401364723,34:57,70
174,125862.33401364723,34:57,70
175,125862.33401364723,34:57,70
176,125862.33401364723,34:57,70
177,125862.33401364723,34:57,70
178,125862.33401364723,34:57,70
179,125862.33401364723,34:57,70
180,125862.33401364723,34:57,70
181,125862.33401364723,34:57,70
182,143149.08401364723,39:45,80
183,143149.08401364723,39:45,80
184,143149.08401364723,39:45,80
185,143149.08401364723,39:45,80
186,143149.08401364723,39:45,80
187,143149.08401364723,39:45,80
188,143149.08401364723,39:45,80
189,143149.08401364723,39:45,80
190,143149.08401364723,39:45,80
191,143149.08401364723,39:45,80
192,143149.08401364723,39:45,80
193,143149.08401364723,39:45,80
194,143149.08401364723,39:45,80
195,143149.08401364723,39:45,80
196,143149.08401364723,39:45,80
197,143149.08401364723,39:45,80
198,143149.08401364723,39:45,80
199,143149.08401364723,39:45,80
200,143149.08401364723,39:45,80
201,143149.08401364723,39:45,80
202,143149.08401364723,39:45,80
203,143149.08401364723,39:45,80
204,143149.08401364723,39:45,80
205,161203.08401364723,44:46,90
206,161203.08401364723,44:46,90
207,161203.08401364723,44:46,90
208,161203.08401364723,44:46,90
209,161203.08401364723,44:46,90
210,161203.08401364723,44:46,90
211,161203.08401364723,44:46,90
212,161203.08401364723,44:46,90
213,161203.08401364723,44:46,90
214,161203.08401364723,44:46,90
215,161203.08401364723,44:46,90
216,161203.08401364723,44:46,90
217,161203.08401364723,44:46,90
218,161203.08401364723,44:46,90
219,161203.08401364723,44:46,90
220,161203.08401364723,44:46,90
221,161203.08401364723,44:46,90
222,161203.08401364723,44:46,90
223,161203.08401364723,44:46,90
224,161203.08401364723,44:46,90
225,161203.08401364723,44:46,90
226,161203.08401364723,44:46,90
227,161203.08401364723,44:46,90
228,161203.08401364723,44:46,90
229,161203.08401364723,44:46,90
230,161203.08401364723,44:46,90
231,161203.08401364723,44:46,90
232,161203.08401364723,44:46,90
233,161203.08401364723,44:46,90
234,161203.08401364723,44:46,90
235,161203.08401364723,44:46,90
236,161203.08401364723,44:46,90
237,161203.08401364723,44:46,90
238,187144.08401364723,51:59,100
239,187144.08401364723,51:59,100
240,187144.08401364723,51:59,100
241,187144.08401364723,51:59,100
242,187144.08401364723,51:59,100
243,187144.08401364723,51:59,100
244,187144.08401364723,51:59,100
245,187144.08401364723,51:59,100
246,187144.08401364723,51:59,100
247,187144.08401364723,51:59,100
248,194997.33401364723,54:09,110
249,194997.33401364723,54:09,110
250,194997.33401364723,54:09,110
251,194997.33401364723,54:09,110
252,194997.33401364723,54:09,110
253,194997.33401364723,54:09,110
254,194997.33401364723,54:09,110
255,194997.33401364723,54:09,110
256,194997.33401364723,54:09,110
257,194997.33401364723,54:09,110
258,194997.33401364723,54:09,110
259,194997.33401364723,54:09,110
260,194997.33401364723,54:09,110
261,194997.33401364723,54:09,110
262,194997.33401364723,54:09,110
263,206769.33401364723,57:26,120
264,206769.33401364723,57:26,120
265,206769.33401364723,57:26,120
266,206769.33401364723,57:26,120
267,206769.33401364723,57:26,120
268,206769.33401364723,57:26,120
269,206769.33401364723,57:26,120
270,206769.33401364723,57:26,120
271,206769.33401364723,57:26,120
272,206769.33401364723,57:26,120
273,206769.33401364723,57:26,120
274,206769.33401364723,57:26,120
275,206769.33401364723,57:26,120
276,206769.33401364723,57:26,120
277,217768.08401364723,60:29,130
278,217768.08401364723,60:29,130
279,217768.08401364723,60:29,130
280,217768.08401364723,60:29,130
281,217768.08401364723,60:29,130
282,217768.08401364723,60:29,130
283,217768.08401364723,60:29,130
284,217768.08401364723,60:29,130
285,217768.08401364723,60:29,130
286,217768.08401364723,60:29,130
287,217768.08401364723,60:29,130
288,217768.08401364723,60:29,130
289,217768.08401364723,60:29,130
290,217768.08401364723,60:29,130
291,217768.08401364723,60:29,130
292,217768.08401364723,60:29,130
293,230341.08401364723,63:59,140
294,230341.08401364723,63:59,140
295,230341.08401364723,63:59,140
296,230341.08401364723,63:59,140
297,230341.08401364723,63:59,140
298,234278.58401364723,65:04,150
299,234278.58401364723,65:04,150
300,234278.58401364723,65:04,150
301,234278.58401364723,65:04,150
302,234278.58401364723,65:04,150
303,234278.58401364723,65:04,150
304,234278.58401364723,65:04,150
305,234278.58401364723,65:04,150
306,234278.58401364723,65:04,150
307,234278.58401364723,65:04,150
308,234278.58401364723,65:04,150
309,234278.58401364723,65:04,150
310,234278.58401364723,65:04,150
311,234278.58401364723,65:04,150
312,234278.58401364723,65:04,150
313,234278.58401364723,65:04,150
314,234278.58401364723,65:04,150
315,234278.58401364723,65:04,150
316,234278.58401364723,65:04,150
317,234278.58401364723,65:04,150
318,234278.58401364723,65:04,150
319,234278.58401364723,65:04,150
320,234278.58401364723,65:04,150
321,234278.58401364723,65:04,150
322,234278.58401364723,65:04,150
323,234278.58401364723,65:04,150
324,234278.58401364723,65:04,150
325,234278.58401364723,65:04,150
326,234278.58401364723,65:04,150
327,234278.58401364723,65:04,150
328,234278.58401364723,65:04,150
329,234278.58401364723,65:04,150
330,234278.58401364723,65:04,150
331,234278.58401364723,65:04,150
332,234278.58401364723,65:04,150
333,234278.58401364723,65:04,150
334,234278.58401364723,65:04,150
335,234278.58401364723,65:04,150
336,264181.8340136472,73:23,160
337,264181.8340136472,73:23,160
338,264181.8340136472,73:23,160
339,264181.8340136472,73:23,160
340,264181.8340136472,73:23,160
341,264181.8340136472,73:23,160
342,264181.8340136472,73:23,160
343,264181.8340136472,73:23,160
344,264181.8340136472,73:23,160
345,264181.8340136472,73:23,160
346,264181.8340136472,73:23,160
347,264181.8340136472,73:23,160
348,264181.8340136472,73:23,160
349,264181.8340136472,73:23,160
350,264181.8340136472,73:23,160
351,264181.8340136472,73:23,160
352,264181.8340136472,73:23,160
353,264181.8340136472,73:23,160
354,278326.0840136472,77:18,170
355,279096.3340136472,77:31,180
356,279096.3340136472,77:31,180
357,279096.3340136472,77:31,180
358,279096.3340136472,77:31,180
359,279096.3340136472,77:31,180
360,279096.3340136472,77:31,180
361,279096.3340136472,77:31,180
362,279096.3340136472,77:31,180
363,279096.3340136472,77:31,180
364,279096.3340136472,77:31,180
365,279096.3340136472,77:31,180
366,279096.3340136472,77:31,180
367,279096.3340136472,77:31,180
368,279096.3340136472,77:31,180
369,279096.3340136472,77:31,180
370,279096.3340136472,77:31,180
371,279096.3340136472,77:31,180
372,279096.3340136472,77:31,180
373,279096.3340136472,77:31,180
374,279096.3340136472,77:31,180
375,279096.3340136472,77:31,180
376,279096.3340136472,77:31,180
377,279096.3340136472,77:31,180
378,279096.3340136472,77:31,180
379,279096.3340136472,77:31,180
380,279096.3340136472,77:31,180
381,279096.3340136472,77:31,180
382,279096.3340136472,77:31,180
383,279096.3340136472,77:31,180
384,279096.3340136472,77:31,180
385,279096.3340136472,77:31,180
386,279096.3340136472,77:31,180
387,279096.3340136472,77:31,180
388,279096.3340136472,77:31,180
389,279096.3340136472,77:31,180
390,279096.3340136472,77:31,180
391,279096.3340136472,77:31,180
392,279096.3340136472,77:31,180
393,279096.3340136472,77:31,180
394,279096.3340136472,77:31,180
395,279096.3340136472,77:31,180
396,279096.3340136472,77:31,180
397,279096.3340136472,77:31,180
398,279096.3340136472,77:31,180
399,279096.3340136472,77:31,180
400,279096.3340136472,77:31,180
401,279096.3340136472,77:31,180
402,279096.3340136472,77:31,180
403,279096.3340136472,77:31,180
404,279096.3340136472,77:31,180
405,279096.3340136472,77:31,180
406,279096.3340136472,77:31,180
407,279096.3340136472,77:31,180
408,279096.3340136472,77:31,180
409,279096.3340136472,77:31,180
410,279096.3340136472,77:31,180
411,279096.3340136472,77:31,180
412,323892.3340136472,89:58,190
413,324662.5840136472,90:11,200
414,324662.5840136472,90:11,200
415,324662.5840136472,90:11,200
416,324662.5840136472,90:11,200
417,324662.5840136472,90:11,200
418,324662.5840136472,90:11,200
419,324662.5840136472,90:11,200
420,324662.5840136472,90:11,200
421,324662.5840136472,90:11,200
422,324662.5840136472,90:11,200
423,324662.5840136472,90:11,200
424,324662.5840136472,90:11,200
425,324662.5840136472,90:11,200
426,324662.5840136472,90:11,200
427,324662.5840136472,90:11,200
428,324662.5840136472,90:11,200
429,324662.5840136472,90:11,200
430,324662.5840136472,90:11,200
431,338806.8340136472,94:06,210
432,338806.8340136472,94:06,210
433,338806.8340136472,94:06,210
434,338806.8340136472,94:06,210
435,338806.8340136472,94:06,210
436,338806.8340136472,94:06,210
437,338806.8340136472,94:06,210
438,338806.8340136472,94:06,210
439,338806.8340136472,94:06,210
440,338806.8340136472,94:06,210
441,338806.8340136472,94:06,210
442,338806.8340136472,94:06,210
443,338806.8340136472,94:06,210
444,338806.8340136472,94:06,210
445,338806.8340136472,94:06,210
446,338806.8340136472,94:06,210
447,338806.8340136472,94:06,210
448,338806.8340136472,94:06,210
449,338806.8340136472,94:06,210
450,338806.8340136472,94:06,210
451,338806.8340136472,94:06,210
452,338806.8340136472,94:06,210
453,338806.8340136472,94:06,210
454,338806.8340136472,94:06,210
455,338806.8340136472,94:06,210
456,338806.8340136472,94:06,210
457,338806.8340136472,94:06,210
458,360028.0840136472,100:00,220
459,360028.0840136472,100:00,220
460,360028.0840136472,100:00,220
461,360028.0840136472,100:00,220
462,360028.0840136472,100:00,220
463,360028.0840136472,100:00,220
464,360028.0840136472,100:00,220
465,360028.0840136472,100:00,220
466,360028.0840136472,100:00,220
467,360028.0840136472,100:00,220
468,360028.0840136472,100:00,220
469,360028.0840136472,100:00,220
470,369455.5840136472,102:37,230
471,369455.5840136472,102:37,230
472,369455.5840136472,102:37,230
473,369455.5840136472,102:37,230
474,369455.5840136472,102:37,230
475,369455.5840136472,102:37,230
476,369455.5840136472,102:37,230
477,369455.5840136472,102:37,230
478,369455.5840136472,102:37,230
479,369455.5840136472,102:37,230
480,369455.5840136472,102:37,230
481,369455.5840136472,102:37,230
482,369455.5840136472,102:37,230
483,369455.5840136472,102:37,230
484,369455.5840136472,102:37,230
485,369455.5840136472,102:37,230
486,369455.5840136472,102:37,230
487,369455.5840136472,102:37,230
488,369455.5840136472,102:37,230
489,369455.5840136472,102:37,230
490,369455.5840136472,102:37,230
491,369455.5840136472,102:37,230
492,369455.5840136472,102:37,230
493,369455.5840136472,102:37,230
494,369455.5840136472,102:37,230
495,369455.5840136472,102:37,230
496,369455.5840136472,102:37,230
497,390682.8340136472,108:31,240
498,390682.8340136472,108:31,240
499,390682.8340136472,108:31,240
500,390682.8340136472,108:31,240
501,390682.8340136472,108:31,240
502,390682.8340136472,108:31,240
503,390682.8340136472,108:31,240
504,390682.8340136472,108:31,240
505,390682.8340136472,108:31,240
506,390682.8340136472,108:31,240
507,390682.8340136472,108:31,240
508,390682.8340136472,108:31,240
509,390682.8340136472,108:31,240
510,390682.8340136472,108:31,240
511,390682.8340136472,108:31,240
512,390682.8340136472,108:31,240
513,390682.8340136472,108:31,240
514,390682.8340136472,108:31,240
515,390682.8340136472,108:31,240
516,405597.3340136472,112:39,250
517,405597.3340136472,112:39,250
518,405597.3340136472,112:39,250
519,405597.3340136472,112:39,250
520,405597.3340136472,112:39,250
521,405597.3340136472,112:39,250
522,405597.3340136472,112:39,250
523,405597.3340136472,112:39,250
524,405597.3340136472,112:39,250
525,405597.3340136472,112:39,250
526,405597.3340136472,112:39,250
527,405597.3340136472,112:39,250
528,405597.3340136472,112:39,250
529,405597.3340136472,112:39,250
530,405597.3340136472,112:39,250
531,405597.3340136472,112:39,250
532,405597.3340136472,112:39,250
533,405597.3340136472,112:39,250
534,405597.3340136472,112:39,250
535,405597.3340136472,112:39,250
536,405597.3340136472,112:39,250
537,405597.3340136472,112:39,250
538,405597.3340136472,112:39,250
539,405597.3340136472,112:39,250
540,405597.3340136472,112:39,250
541,405597.3340136472,112:39,250
542,405597.3340136472,112:39,250
543,405597.3340136472,112:39,250
544,405597.3340136472,112:39,250
545,405597.3340136472,112:39,250
546,405597.3340136472,112:39,250
547,405597.3340136472,112:39,250
548,405597.3340136472,112:39,250
549,405597.3340136472,112:39,250
550,405597.3340136472,112:39,250
551,405597.3340136472,112:39,250
552,405597.3340136472,112:39,250
553,434674.8340136472,120:44,260
554,434674.8340136472,120:44,260
555,434674.8340136472,120:44,260
556,434674.8340136472,120:44,260
557,434674.8340136472,120:44,260
558,434674.8340136472,120:44,260
559,434674.8340136472,120:44,260
560,434674.8340136472,120:44,260
561,434674.8340136472,120:44,260
562,434674.8340136472,120:44,260
563,442534.0840136472,122:55,270
564,442534.0840136472,122:55,270
565,442534.0840136472,122:55,270
566,442534.0840136472,122:55,270
567,442534.0840136472,122:55,270
568,442534.0840136472,122:55,270
569,442534.0840136472,122:55,270
570,442534.0840136472,122:55,270
571,442534.0840136472,122:55,270
572,442534.0840136472,122:55,270
573,442534.0840136472,122:55,270
574,442534.0840136472,122:55,270
575,442534.0840136472,122:55,270
576,442534.0840136472,122:55,270
577,442534.0840136472,122:55,270
578,442534.0840136472,122:55,270
579,442534.0840136472,122:55,270
580,442534.0840136472,122:55,270
581,456672.3340136472,126:51,280
582,456672.3340136472,126:51,280
583,456672.3340136472,126:51,280
584,456672.3340136472,126:51,280
585,456672.3340136472,126:51,280
586,456672.3340136472,126:51,280
587,456672.3340136472,126:51,280
588,456672.3340136472,126:51,280
589,456672.3340136472,126:51,280
590,456672.3340136472,126:51,280
591,456672.3340136472,126:51,280
592,456672.3340136472,126:51,280
593,456672.3340136472,126:51,280
594,456672.3340136472,126:51,280
595,456672.3340136472,126:51,280
596,468447.3340136472,130:07,290
597,468447.3340136472,130:07,290
598,468447.3340136472,130:07,290
599,468447.3340136472,130:07,290
600,468447.3340136472,130:07,290
601,468447.3340136472,130:07,290
602,468447.3340136472,130:07,290
603,468447.3340136472,130:07,290
604,468447.3340136472,130:07,290
605,468447.3340136472,130:07,290
606,468447.3340136472,130:07,290
607,468447.3340136472,130:07,290
608,468447.3340136472,130:07,290
609,468447.3340136472,130:07,290
610,468447.3340136472,130:07,290
611,468447.3340136472,130:07,290
612,468447.3340136472,130:07,290
613,468447.3340136472,130:07,290
614,468447.3340136472,130:07,290
615,468447.3340136472,130:07,290
616,468447.3340136472,130:07,290
617,468447.3340136472,130:07,290
618,468447.3340136472,130:07,290
619,468447.3340136472,130:07,290
620,468447.3340136472,130:07,290
621,468447.3340136472,130:07,290
622,468447.3340136472,130:07,290
623,468447.3340136472,130:07,290
624,468447.3340136472,130:07,290
625,468447.3340136472,130:07,290
626,468447.3340136472,130:07,290
627,468447.3340136472,130:07,290
628,468447.3340136472,130:07,290
629,468447.3340136472,130:07,290
630,468447.3340136472,130:07,290
631,468447.3340136472,130:07,290
632,468447.3340136472,130:07,290
633,468447.3340136472,130:07,290
634,498301.0840136472,138:25,300
635,498301.0840136472,138:25,300
636,498301.0840136472,138:25,300
637,498301.0840136472,138:25,300
638,498301.0840136472,138:25,300
639,498301.0840136472,138:25,300
640,498301.0840136472,138:25,300
641,498301.0840136472,138:25,300
642,498301.0840136472,138:25,300
643,498301.0840136472,138:25,300
644,498301.0840136472,138:25,300
645,498301.0840136472,138:25,300
646,507728.5840136472,141:02,310
647,507728.5840136472,141:02,310
648,507728.5840136472,141:02,310
649,507728.5840136472,141:02,310
650,507728.5840136472,141:02,310
651,507728.5840136472,141:02,310
652,507728.5840136472,141:02,310
653,507728.5840136472,141:02,310
654,507728.5840136472,141:02,310
655,507728.5840136472,141:02,310
656,507728.5840136472,141:02,310
657,507728.5840136472,141:02,310
658,507728.5840136472,141:02,310
659,507728.5840136472,141:02,310
660,507728.5840136472,141:02,310
661,519522.3340136472,144:18,320
662,519522.3340136472,144:18,320
663,519522.3340136472,144:18,320
664,519522.3340136472,144:18,320
665,519522.3340136472,144:18,320
666,519522.3340136472,144:18,320
667,519522.3340136472,144:18,320
668,519522.3340136472,144:18,320
669,519522.3340136472,144:18,320
670,519522.3340136472,144:18,320
671,519522.3340136472,144:18,320
672,519522.3340136472,144:18,320
673,519522.3340136472,144:18,320
674,519522.3340136472,144:18,320
675,519522.3340136472,144:18,320
676,531294.3340136472,147:34,330
677,531294.3340136472,147:34,330
678,531294.3340136472,147:34,330
679,531294.3340136472,147:34,330
680,531294.3340136472,147:34,330
681,531294.3340136472,147:34,330
682,531294.3340136472,147:34,330
683,531294.3340136472,147:34,330
684,531294.3340136472,147:34,330
685,531294.3340136472,147:34,330
686,531294.3340136472,147:34,330
687,531294.3340136472,147:34,330
688,531294.3340136472,147:34,330
689,531294.3340136472,147:34,330
690,531294.3340136472,147:34,330
691,531294.3340136472,147:34,330
692,531294.3340136472,147:34,330
693,531294.3340136472,147:34,330
694,531294.3340136472,147:34,330
695,531294.3340136472,147:34,330
696,531294.3340136472,147:34,330
697,531294.3340136472,147:34,330
698,531294.3340136472,147:34,330
699,549379.0840136472,152:36,340
700,549379.0840136472,152:36,340
701,549379.0840136472,152:36,340
702,549379.0840136472,152:36,340
703,549379.0840136472,152:36,340
704,549379.0840136472,152:36,340
705,549379.0840136472,152:36,340
706,549379.0840136472,152:36,340
707,549379.0840136472,152:36,340
708,549379.0840136472,152:36,340
709,549379.0840136472,152:36,340
710,549379.0840136472,152:36,340
711,549379.0840136472,152:36,340
712,549379.0840136472,152:36,340
713,549379.0840136472,152:36,340
714,549379.0840136472,152:36,340
715,561946.0840136472,156:05,350
716,562722.3340136472,156:18,360
717,562722.3340136472,156:18,360
718,562722.3340136472,156:18,360
719,562722.3340136472,156:18,360
720,562722.3340136472,156:18,360
721,562722.3340136472,156:18,360
722,562722.3340136472,156:18,360
723,562722.3340136472,156:18,360
724,562722.3340136472,156:18,360
725,562722.3340136472,156:18,360
726,562722.3340136472,156:18,360
727,562722.3340136472,156:18,360
728,562722.3340136472,156:18,360
729,562722.3340136472,156:18,360
730,562722.3340136472,156:18,360
731,562722.3340136472,156:18,360
732,562722.3340136472,156:18,360
733,562722.3340136472,156:18,360
734,562722.3340136472,156:18,360
735,562722.3340136472,156:18,360
736,562722.3340136472,156:18,360
737,562722.3340136472,156:18,360
738,562722.3340136472,156:18,360
739,562722.3340136472,156:18,360
740,562722.3340136472,156:18,360
741,562722.3340136472,156:18,360
742,562722.3340136472,156:18,360
743,562722.3340136472,156:18,360
744,562722.3340136472,156:18,360
745,562722.3340136472,156:18,360
746,562722.3340136472,156:18,360
747,562722.3340136472,156:18,360
748,562722.3340136472,156:18,360
749,562722.3340136472,156:18,360
750,562722.3340136472,156:18,360
751,562722.3340136472,156:18,360
752,562722.3340136472,156:18,360
753,591799.8340136472,164:23,370
754,591799.8340136472,164:23,370
755,591799.8340136472,164:23,370
756,591799.8340136472,164:23,370
757,591799.8340136472,164:23,370
758,591799.8340136472,164:23,370
759,591799.8340136472,164:23,370
760,591799.8340136472,164:23,370
761,591799.8340136472,164:23,370
762,591799.8340136472,164:23,370
763,591799.8340136472,164:23,370
764,591799.8340136472,164:23,370
765,591799.8340136472,164:23,370
766,602000.5840136472,167:13,380
767,602000.5840136472,167:13,380
768,602000.5840136472,167:13,380
769,602000.5840136472,167:13,380
770,602000.5840136472,167:13,380
771,602000.5840136472,167:13,380
772,602000.5840136472,167:13,380
773,602000.5840136472,167:13,380
774,602000.5840136472,167:13,380
775,602000.5840136472,167:13,380
776,602000.5840136472,167:13,380
777,602000.5840136472,167:13,380
778,602000.5840136472,167:13,380
779,602000.5840136472,167:13,380
780,602000.5840136472,167:13,380
781,602000.5840136472,167:13,380
782,602000.5840136472,167:13,380
783,602000.5840136472,167:13,380
784,602000.5840136472,167:13,380
785,602000.5840136472,167:13,380
786,602000.5840136472,167:13,380
787,602000.5840136472,167:13,380
788,602000.5840136472,167:13,380
789,620085.3340136472,172:14,390
790,620085.3340136472,172:14,390
791,620085.3340136472,172:14,390
792,620085.3340136472,172:14,390
793,620085.3340136472,172:14,390
794,620085.3340136472,172:14,390
795,620085.3340136472,172:14,390
796,620085.3340136472,172:14,390
797,620085.3340136472,172:14,390
798,620085.3340136472,172:14,390
799,620085.3340136472,172:14,390
800,620085.3340136472,172:14,390
801,620085.3340136472,172:14,390
802,620085.3340136472,172:14,390
803,620085.3340136472,172:14,390
804,620085.3340136472,172:14,390
805,620085.3340136472,172:14,390
806,620085.3340136472,172:14,390
807,634223.5840136472,176:10,400
808,634223.5840136472,176:10,400
809,634223.5840136472,176:10,400
810,634223.5840136472,176:10,400
811,637393.8340136472,177:03,410
812,637393.8340136472,177:03,410
813,637393.8340136472,177:03,410
814,637393.8340136472,177:03,410
815,637393.8340136472,177:03,410
816,637393.8340136472,177:03,410
817,637393.8340136472,177:03,410
818,637393.8340136472,177:03,410
819,637393.8340136472,177:03,410
820,637393.8340136472,177:03,410
821,637393.8340136472,177:03,410
822,637393.8340136472,177:03,410
823,637393.8340136472,177:03,410
824,637393.8340136472,177:03,410
825,637393.8340136472,177:03,410
826,637393.8340136472,177:03,410
827,637393.8340136472,177:03,410
828,650935.0840136472,180:48,420
829,650935.0840136472,180:48,420
830,650935.0840136472,180:48,420
831,650935.0840136472,180:48,420
832,650935.0840136472,180:48,420
833,650935.0840136472,180:48,420
834,650935.0840136472,180:48,420
835,650935.0840136472,180:48,420
836,650935.0840136472,180:48,420
837,650935.0840136472,180:48,420
838,650935.0840136472,180:48,420
839,659561.5840136472,183:12,430
840,659561.5840136472,183:12,430
841,659561.5840136472,183:12,430
842,659561.5840136472,183:12,430
843,659561.5840136472,183:12,430
844,659561.5840136472,183:12,430
845,659561.5840136472,183:12,430
846,659561.5840136472,183:12,430
847,659561.5840136472,183:12,430
848,659561.5840136472,183:12,430
849,659561.5840136472,183:12,430
850,659561.5840136472,183:12,430
851,659561.5840136472,183:12,430
852,659561.5840136472,183:12,430
853,659561.5840136472,183:12,430
854,659561.5840136472,183:12,430
855,659561.5840136472,183:12,430
856,659561.5840136472,183:12,430
857,659561.5840136472,183:12,430
858,659561.5840136472,183:12,430
859,659561.5840136472,183:12,430
860,659561.5840136472,183:12,430
861,659561.5840136472,183:12,430
862,659561.5840136472,183:12,430
863,659561.5840136472,183:12,430
864,659561.5840136472,183:12,430
865,659561.5840136472,183:12,430
866,659561.5840136472,183:12,430
867,659561.5840136472,183:12,430
868,659561.5840136472,183:12,430
869,683182.8340136472,189:46,440
870,683182.8340136472,189:46,440
871,683182.8340136472,189:46,440
872,683182.8340136472,189:46,440
873,683182.8340136472,189:46,440
874,683182.8340136472,189:46,440
875,683182.8340136472,189:46,440
876,683182.8340136472,189:46,440
877,683182.8340136472,189:46,440
878,683182.8340136472,189:46,440
879,683182.8340136472,189:46,440
880,683182.8340136472,189:46,440
881,683182.8340136472,189:46,440
882,683182.8340136472,189:46,440
883,683182.8340136472,189:46,440
884,683182.8340136472,189:46,440
885,683182.8340136472,189:46,440
886,683182.8340136472,189:46,440
887,683182.8340136472,189:46,440
888,683182.8340136472,189:46,440
889,683182.8340136472,189:46,440
890,683182.8340136472,189:46,440
891,700466.5840136472,194:34,450
892,700466.5840136472,194:34,450
893,700466.5840136472,194:34,450
894,700466.5840136472,194:34,450
895,700466.5840136472,194:34,450
896,700466.5840136472,194:34,450
897,700466.5840136472,194:34,450
898,700466.5840136472,194:34,450
899,700466.5840136472,194:34,450
900,700466.5840136472,194:34,450
901,700466.5840136472,194:34,450
902,700466.5840136472,194:34,450
903,700466.5840136472,194:34,450
904,700466.5840136472,194:34,450
905,700466.5840136472,194:34,450
906,700466.5840136472,194:34,450
907,700466.5840136472,194:34,450
908,700466.5840136472,194:34,450
909,714604.8340136472,198:30,460
910,714604.8340136472,198:30,460
911,714604.8340136472,198:30,460
912,714604.8340136472,198:30,460
913,714604.8340136472,198:30,460
914,714604.8340136472,198:30,460
915,714604.8340136472,198:30,460
916,714604.8340136472,198:30,460
917,714604.8340136472,198:30,460
918,714604.8340136472,198:30,460
919,714604.8340136472,198:30,460
920,714604.8340136472,198:30,460
921,714604.8340136472,198:30,460
922,714604.8340136472,198:30,460
923,714604.8340136472,198:30,460
924,714604.8340136472,198:30,460
925,714604.8340136472,198:30,460
926,714604.8340136472,198:30,460
927,714604.8340136472,198:30,460
928,714604.8340136472,198:30,460
929,714604.8340136472,198:30,460
930,714604.8340136472,198:30,460
931,714604.8340136472,198:30,460
932,714604.8340136472,198:30,460
933,714604.8340136472,198:30,460
934,714604.8340136472,198:30,460
935,714604.8340136472,198:30,460
936,714604.8340136472,198:30,460
937,714604.8340136472,198:30,460
938,714604.8340136472,198:30,460
939,714604.8340136472,198:30,460
940,714604.8340136472,198:30,460
941,714604.8340136472,198:30,460
942,714604.8340136472,198:30,460
943,741319.0840136472,205:55,470
944,741319.0840136472,205:55,470
945,741319.0840136472,205:55,470
946,741319.0840136472,205:55,470
947,741319.0840136472,205:55,470
948,741319.0840136472,205:55,470
949,741319.0840136472,205:55,470
950,741319.0840136472,205:55,470
951,741319.0840136472,205:55,470
952,741319.0840136472,205:55,470
953,741319.0840136472,205:55,470
954,741319.0840136472,205:55,470
955,741319.0840136472,205:55,470
956,741319.0840136472,205:55,470
957,741319.0840136472,205:55,470
958,741319.0840136472,205:55,470
959,741319.0840136472,205:55,470
960,754662.3340136472,209:37,480
961,755457.3340136472,209:50,490
962,755457.3340136472,209:50,490
963,755457.3340136472,209:50,490
964,755457.3340136472,209:50,490
965,755457.3340136472,209:50,490
966,755457.3340136472,209:50,490
967,755457.3340136472,209:50,490
968,755457.3340136472,209:50,490
969,755457.3340136472,209:50,490
970,755457.3340136472,209:50,490
971,755457.3340136472,209:50,490
972,755457.3340136472,209:50,490
973,755457.3340136472,209:50,490
974,755457.3340136472,209:50,490
975,755457.3340136472,209:50,490
976,755457.3340136472,209:50,490
977,755457.3340136472,209:50,490
978,755457.3340136472,209:50,490
979,755457.3340136472,209:50,490
980,755457.3340136472,209:50,490
981,755457.3340136472,209:50,490
982,755457.3340136472,209:50,490
983,755457.3340136472,209:50,490
984,755457.3340136472,209:50,490
985,755457.3340136472,209:50,490
986,755457.3340136472,209:50,490
987,755457.3340136472,209:50,490
988,755457.3340136472,209:50,490
989,755457.3340136472,209:50,490
990,755457.3340136472,209:50,490
991,779026.0840136472,216:23,500
992,779026.0840136472,216:23,500
993,779026.0840136472,216:23,500
994,779026.0840136472,216:23,500
995,779026.0840136472,216:23,500
996,779026.0840136472,216:23,500
997,779026.0840136472,216:23,500
998,779026.0840136472,216:23,500
999,779026.0840136472,216:23,500
1000,779026.0840136472,216:23,500
1001,786885.3340136472,218:34,510
1002,786885.3340136472,218:34,510
1003,786885.3340136472,218:34,510
1004,786885.3340136472,218:34,510
1005,786885.3340136472,218:34,510
1006,786885.3340136472,218:34,510
1007,786885.3340136472,218:34,510
1008,786885.3340136472,218:34,510
1009,786885.3340136472,218:34,510
1010,786885.3340136472,218:34,510
1011,786885.3340136472,218:34,510
1012,786885.3340136472,218:34,510
1013,786885.3340136472,218:34,510
1014,786885.3340136472,218:34,510
1015,786885.3340136472,218:34,510
1016,786885.3340136472,218:34,510
1017,786885.3340136472,218:34,510
1018,786885.3340136472,218:34,510
1019,801023.5840136472,222:30,520
1020,801023.5840136472,222:30,520
1021,801023.5840136472,222:30,520
1022,801023.5840136472,222:30,520
1023,801023.5840136472,222:30,520
1024,801023.5840136472,222:30,520
1025,801023.5840136472,222:30,520
1026,801023.5840136472,222:30,520
1027,801023.5840136472,222:30,520
1028,801023.5840136472,222:30,520
1029,801023.5840136472,222:30,520
1030,801023.5840136472,222:30,520
1031,801023.5840136472,222:30,520
1032,801023.5840136472,222:30,520
1033,801023.5840136472,222:30,520
1034,801023.5840136472,222:30,520
1035,801023.5840136472,222:30,520
1036,801023.5840136472,222:30,520
1037,801023.5840136472,222:30,520
1038,801023.5840136472,222:30,520
1039,801023.5840136472,222:30,520
1040,801023.5840136472,222:30,520
1041,801023.5840136472,222:30,520
1042,801023.5840136472,222:30,520
1043,801023.5840136472,222:30,520
1044,801023.5840136472,222:30,520
1045,801023.5840136472,222:30,520
1046,801023.5840136472,222:30,520
1047,801023.5840136472,222:30,520
1048,801023.5840136472,222:30,520
1049,801023.5840136472,222:30,520
1050,801023.5840136472,222:30,520
1051,801023.5840136472,222:30,520
1052,801023.5840136472,222:30,520
1053,801023.5840136472,222:30,520
1054,801023.5840136472,222:30,520
1055,801023.5840136472,222:30,520
1056,801023.5840136472,222:30,520
1057,801023.5840136472,222:30,520
1058,801023.5840136472,222:30,520
1059,801023.5840136472,222:30,520
1060,801023.5840136472,222:30,520
1061,801023.5840136472,222:30,520
1062,801023.5840136472,222:30,520
1063,801023.5840136472,222:30,520
1064,801023.5840136472,222:30,520
1065,801023.5840136472,222:30,520
1066,837960.3340136472,232:46,530
1067,837960.3340136472,232:46,530
1068,837960.3340136472,232:46,530
1069,837960.3340136472,232:46,530
1070,837960.3340136472,232:46,530
1071,837960.3340136472,232:46,530
1072,837960.3340136472,232:46,530
1073,837960.3340136472,232:46,530
1074,837960.3340136472,232:46,530
1075,837960.3340136472,232:46,530
1076,837960.3340136472,232:46,530
1077,837960.3340136472,232:46,530
1078,837960.3340136472,232:46,530
1079,837960.3340136472,232:46,530
1080,848959.0840136472,235:49,540
1081,848959.0840136472,235:49,540
1082,848959.0840136472,235:49,540
1083,848959.0840136472,235:49,540
1084,848959.0840136472,235:49,540
1085,852877.8340136472,236:54,550
1086,852877.8340136472,236:54,550
1087,852877.8340136472,236:54,550
1088,852877.8340136472,236:54,550
1089,852877.8340136472,236:54,550
1090,852877.8340136472,236:54,550
1091,852877.8340136472,236:54,550
1092,852877.8340136472,236:54,550
1093,852877.8340136472,236:54,550
1094,852877.8340136472,236:54,550
1095,852877.8340136472,236:54,550
1096,852877.8340136472,236:54,550
1097,852877.8340136472,236:54,550
1098,852877.8340136472,236:54,550
1099,852877.8340136472,236:54,550
1100,852877.8340136472,236:54,550
1101,852877.8340136472,236:54,550
1102,852877.8340136472,236:54,550
1103,852877.8340136472,236:54,550
1104,852877.8340136472,236:54,550
1105,852877.8340136472,236:54,550
1106,852877.8340136472,236:54,550
1107,852877.8340136472,236:54,550
1108,852877.8340136472,236:54,550
1109,852877.8340136472,236:54,550
1110,852877.8340136472,236:54,550
1111,852877.8340136472,236:54,550
1112,852877.8340136472,236:54,550
1113,852877.8340136472,236:54,550
1114,875670.3340136472,243:14,560
1115,875670.3340136472,243:14,560
1116,875670.3340136472,243:14,560
1117,875670.3340136472,243:14,560
1118,875670.3340136472,243:14,560
1119,875670.3340136472,243:14,560
1120,875670.3340136472,243:14,560
1121,875670.3340136472,243:14,560
1122,875670.3340136472,243:14,560
1123,882731.5840136472,245:12,570
1124,882731.5840136472,245:12,570
1125,882731.5840136472,245:12,570
1126,882731.5840136472,245:12,570
1127,882731.5840136472,245:12,570
1128,882731.5840136472,245:12,570
1129,882731.5840136472,245:12,570
1130,882731.5840136472,245:12,570
1131,882731.5840136472,245:12,570
1132,882731.5840136472,245:12,570
1133,882731.5840136472,245:12,570
1134,882731.5840136472,245:12,570
1135,882731.5840136472,245:12,570
1136,882731.5840136472,245:12,570
1137,882731.5840136472,245:12,570
1138,882731.5840136472,245:12,570
1139,882731.5840136472,245:12,570
1140,882731.5840136472,245:12,570
1141,882731.5840136472,245:12,570
1142,882731.5840136472,245:12,570
1143,882731.5840136472,245:12,570
1144,882731.5840136472,245:12,570
1145,882731.5840136472,245:12,570
1146,882731.5840136472,245:12,570
1147,882731.5840136472,245:12,570
1148,882731.5840136472,245:12,570
1149,882731.5840136472,245:12,570
1150,882731.5840136472,245:12,570
1151,882731.5840136472,245:12,570
1152,882731.5840136472,245:12,570
1153,882731.5840136472,245:12,570
1154,882731.5840136472,245:12,570
1155,882731.5840136472,245:12,570
1156,882731.5840136472,245:12,570
1157,882731.5840136472,245:12,570
1158,910237.8340136472,252:50,580
1159,910237.8340136472,252:50,580
1160,910237.8340136472,252:50,580
1161,910237.8340136472,252:50,580
1162,910237.8340136472,252:50,580
1163,910237.8340136472,252:50,580
1164,910237.8340136472,252:50,580
1165,910237.8340136472,252:50,580
1166,910237.8340136472,252:50,580
1167,910237.8340136472,252:50,580
1168,910237.8340136472,252:50,580
1169,910237.8340136472,252:50,580
1170,919668.3340136472,255:27,590
1171,919668.3340136472,255:27,590
1172,919668.3340136472,255:27,590
1173,919668.3340136472,255:27,590
1174,919668.3340136472,255:27,590
1175,923581.0840136472,256:33,600
1176,923581.0840136472,256:33,600
1177,923581.0840136472,256:33,600
1178,923581.0840136472,256:33,600
1179,923581.0840136472,256:33,600
1180,923581.0840136472,256:33,600
1181,923581.0840136472,256:33,600
1182,923581.0840136472,256:33,600
1183,923581.0840136472,256:33,600
1184,923581.0840136472,256:33,600
1185,923581.0840136472,256:33,600
1186,923581.0840136472,256:33,600
1187,923581.0840136472,256:33,600
1188,923581.0840136472,256:33,600
1189,923581.0840136472,256:33,600
1190,923581.0840136472,256:33,600
1191,923581.0840136472,256:33,600
1192,923581.0840136472,256:33,600
1193,923581.0840136472,256:33,600
1194,923581.0840136472,256:33,600
1195,923581.0840136472,256:33,600
1196,923581.0840136472,256:33,600
1197,923581.0840136472,256:33,600
1198,923581.0840136472,256:33,600
1199,923581.0840136472,256:33,600
1200,923581.0840136472,256:33,600
1201,923581.0840136472,256:33,600
1202,923581.0840136472,256:33,600
1203,923581.0840136472,256:33,600
1204,923581.0840136472,256:33,600
1205,923581.0840136472,256:33,600
1206,923581.0840136472,256:33,600
1207,923581.0840136472,256:33,600
1208,923581.0840136472,256:33,600
1209,923581.0840136472,256:33,600
1210,923581.0840136472,256:33,600
1211,923581.0840136472,256:33,600
1212,923581.0840136472,256:33,600
1213,923581.0840136472,256:33,600
1214,923581.0840136472,256:33,600
1215,923581.0840136472,256:33,600
1216,923581.0840136472,256:33,600
1217,923581.0840136472,256:33,600
1218,923581.0840136472,256:33,600
1219,923581.0840136472,256:33,600
1220,923581.0840136472,256:33,600
1221,923581.0840136472,256:33,600
1222,923581.0840136472,256:33,600
1223,923581.0840136472,256:33,600
1224,923581.0840136472,256:33,600
1225,923581.0840136472,256:33,600
1226,963663.3340136472,267:41,610
1227,963663.3340136472,267:41,610
1228,963663.3340136472,267:41,610
1229,963663.3340136472,267:41,610
1230,963663.3340136472,267:41,610
1231,963663.3340136472,267:41,610
1232,963663.3340136472,267:41,610
1233,963663.3340136472,267:41,610
1234,963663.3340136472,267:41,610
1235,963663.3340136472,267:41,610
1236,963663.3340136472,267:41,610
1237,963663.3340136472,267:41,610
1238,963663.3340136472,267:41,610
1239,963663.3340136472,267:41,610
1240,963663.3340136472,267:41,610
1241,963663.3340136472,267:41,610
1242,963663.3340136472,267:41,610
1243,963663.3340136472,267:41,610
1244,963663.3340136472,267:41,610
1245,963663.3340136472,267:41,610
1246,963663.3340136472,267:41,610
1247,980146.0840136472,272:15,620
1248,980146.0840136472,272:15,620
1249,980146.0840136472,272:15,620
1250,980146.0840136472,272:15,620
1251,980146.0840136472,272:15,620
1252,980146.0840136472,272:15,620
1253,980146.0840136472,272:15,620
1254,980146.0840136472,272:15,620
1255,980146.0840136472,272:15,620
1256,980146.0840136472,272:15,620
1257,980146.0840136472,272:15,620
1258,988803.3340136472,274:40,630
1259,988803.3340136472,274:40,630
1260,988803.3340136472,274:40,630
1261,988803.3340136472,274:40,630
1262,988803.3340136472,274:40,630
1263,988803.3340136472,274:40,630
1264,988803.3340136472,274:40,630
1265,988803.3340136472,274:40,630
1266,988803.3340136472,274:40,630
1267,988803.3340136472,274:40,630
1268,988803.3340136472,274:40,630
1269,988803.3340136472,274:40,630
1270,988803.3340136472,274:40,630
1271,988803.3340136472,274:40,630
1272,988803.3340136472,274:40,630
1273,988803.3340136472,274:40,630
1274,988803.3340136472,274:40,630
1275,988803.3340136472,274:40,630
1276,988803.3340136472,274:40,630
1277,988803.3340136472,274:40,630
1278,988803.3340136472,274:40,630
1279,988803.3340136472,274:40,630
1280,988803.3340136472,274:40,630
1281,988803.3340136472,274:40,630
1282,988803.3340136472,274:40,630
1283,988803.3340136472,274:40,630
1284,1009229.5840136472,280:20,640
1285,1009999.8340136472,280:33,650
1286,1009999.8340136472,280:33,650
1287,1009999.8340136472,280:33,650
1288,1009999.8340136472,280:33,650
1289,1009999.8340136472,280:33,650
1290,1009999.8340136472,280:33,650
1291,1009999.8340136472,280:33,650
1292,1009999.8340136472,280:33,650
1293,1009999.8340136472,280:33,650
1294,1009999.8340136472,280:33,650
1295,1009999.8340136472,280:33,650
1296,1009999.8340136472,280:33,650
1297,1009999.8340136472,280:33,650
1298,1009999.8340136472,280:33,650
1299,1009999.8340136472,280:33,650
1300,1009999.8340136472,280:33,650
1301,1022569.8340136472,284:02,660
1302,1022569.8340136472,284:02,660
1303,1022569.8340136472,284:02,660
1304,1022569.8340136472,284:02,660
1305,1022569.8340136472,284:02,660
1306,1022569.8340136472,284:02,660
1307,1022569.8340136472,284:02,660
1308,1022569.8340136472,284:02,660
1309,1022569.8340136472,284:02,660
1310,1022569.8340136472,284:02,660
1311,1022569.8340136472,284:02,660
1312,1022569.8340136472,284:02,660
1313,1022569.8340136472,284:02,660
1314,1022569.8340136472,284:02,660
1315,1022569.8340136472,284:02,660
1316,1022569.8340136472,284:02,660
1317,1022569.8340136472,284:02,660
1318,1022569.8340136472,284:02,660
1319,1022569.8340136472,284:02,660
1320,1022569.8340136472,284:02,660
1321,1022569.8340136472,284:02,660
1322,1039105.0840136472,288:38,670
1323,1039105.0840136472,288:38,670
1324,1039105.0840136472,288:38,670
1325,1039105.0840136472,288:38,670
1326,1039105.0840136472,288:38,670
1327,1039105.0840136472,288:38,670
1328,1039105.0840136472,288:38,670
1329,1039105.0840136472,288:38,670
1330,1039105.0840136472,288:38,670
1331,1039105.0840136472,288:38,670
1332,1039105.0840136472,288:38,670
1333,1039105.0840136472,288:38,670
1334,1039105.0840136472,288:38,670
1335,1039105.0840136472,288:38,670
1336,1039105.0840136472,288:38,670
1337,1039105.0840136472,288:38,670
1338,1039105.0840136472,288:38,670
1339,1039105.0840136472,288:38,670
1340,1039105.0840136472,288:38,670
1341,1039105.0840136472,288:38,670
1342,1039105.0840136472,288:38,670
1343,1039105.0840136472,288:38,670
1344,1039105.0840136472,288:38,670
1345,1039105.0840136472,288:38,670
1346,1039105.0840136472,288:38,670
1347,1039105.0840136472,288:38,670
1348,1039105.0840136472,288:38,670
1349,1039105.0840136472,288:38,670
1350,1039105.0840136472,288:38,670
1351,1039105.0840136472,288:38,670
1352,1039105.0840136472,288:38,670
1353,1039105.0840136472,288:38,670
1354,1039105.0840136472,288:38,670
1355,1039105.0840136472,288:38,670
1356,1039105.0840136472,288:38,670
1357,1039105.0840136472,288:38,670
1358,1039105.0840136472,288:38,670
1359,1039105.0840136472,288:38,670
1360,1039105.0840136472,288:38,670
1361,1039105.0840136472,288:38,670
1362,1070530.0840136472,297:22,680
1363,1070530.0840136472,297:22,680
1364,1070530.0840136472,297:22,680
1365,1070530.0840136472,297:22,680
1366,1070530.0840136472,297:22,680
1367,1070530.0840136472,297:22,680
1368,1070530.0840136472,297:22,680
1369,1070530.0840136472,297:22,680
1370,1070530.0840136472,297:22,680
1371,1070530.0840136472,297:22,680
1372,1070530.0840136472,297:22,680
1373,1070530.0840136472,297:22,680
1374,1070530.0840136472,297:22,680
1375,1070530.0840136472,297:22,680
1376,1081531.8340136472,300:25,690
1377,1081531.8340136472,300:25,690
1378,1081531.8340136472,300:25,690
1379,1081531.8340136472,300:25,690
1380,1081531.8340136472,300:25,690
1381,1081531.8340136472,300:25,690
1382,1081531.8340136472,300:25,690
1383,1081531.8340136472,300:25,690
1384,1081531.8340136472,300:25,690
1385,1081531.8340136472,300:25,690
1386,1081531.8340136472,300:25,690
1387,1081531.8340136472,300:25,690
1388,1081531.8340136472,300:25,690
1389,1081531.8340136472,300:25,690
1390,1081531.8340136472,300:25,690
1391,1081531.8340136472,300:25,690
1392,1081531.8340136472,300:25,690
1393,1094875.0840136472,304:07,700
1394,1094875.0840136472,304:07,700
1395,1094875.0840136472,304:07,700
1396,1094875.0840136472,304:07,700
1397,1094875.0840136472,304:07,700
1398,1094875.0840136472,304:07,700
1399,1094875.0840136472,304:07,700
1400,1094875.0840136472,304:07,700
1401,1094875.0840136472,304:07,700
1402,1094875.0840136472,304:07,700
1403,1094875.0840136472,304:07,700
1404,1094875.0840136472,304:07,700
1405,1094875.0840136472,304:07,700
1406,1094875.0840136472,304:07,700
1407,1094875.0840136472,304:07,700
1408,1094875.0840136472,304:07,700
1409,1094875.0840136472,304:07,700
1410,1094875.0840136472,304:07,700
1411,1094875.0840136472,304:07,700
1412,1109811.3340136472,308:16,710
1413,1109811.3340136472,308:16,710
1414,1109811.3340136472,308:16,710
1415,1109811.3340136472,308:16,710
1416,1109811.3340136472,308:16,710
1417,1109811.3340136472,308:16,710
1418,1109811.3340136472,308:16,710
1419,1109811.3340136472,308:16,710
1420,1109811.3340136472,308:16,710
1421,1109811.3340136472,308:16,710
1422,1109811.3340136472,308:16,710
1423,1109811.3340136472,308:16,710
1424,1109811.3340136472,308:16,710
1425,1109811.3340136472,308:16,710
1426,1109811.3340136472,308:16,710
1427,1109811.3340136472,308:16,710
1428,1109811.3340136472,308:16,710
1429,1109811.3340136472,308:16,710
1430,1123952.5840136472,312:12,720
1431,1123952.5840136472,312:12,720
1432,1123952.5840136472,312:12,720
1433,1123952.5840136472,312:12,720
1434,1123952.5840136472,312:12,720
1435,1123952.5840136472,312:12,720
1436,1128669.3340136472,313:31,730
1437,1128669.3340136472,313:31,730
1438,1128669.3340136472,313:31,730
1439,1128669.3340136472,313:31,730
1440,1128669.3340136472,313:31,730
1441,1128669.3340136472,313:31,730
1442,1128669.3340136472,313:31,730
1443,1128669.3340136472,313:31,730
1444,1128669.3340136472,313:31,730
1445,1128669.3340136472,313:31,730
1446,1128669.3340136472,313:31,730
1447,1128669.3340136472,313:31,730
1448,1128669.3340136472,313:31,730
1449,1128669.3340136472,313:31,730
1450,1128669.3340136472,313:31,730
1451,1128669.3340136472,313:31,730
1452,1128669.3340136472,313:31,730
1453,1128669.3340136472,313:31,730
1454,1128669.3340136472,313:31,730
1455,1128669.3340136472,313:31,730
1456,1128669.3340136472,313:31,730
1457,1128669.3340136472,313:31,730
1458,1128669.3340136472,313:31,730
1459,1128669.3340136472,313:31,730
1460,1128669.3340136472,313:31,730
1461,1148368.8340136472,318:59,740
1462,1148368.8340136472,318:59,740
1463,1148368.8340136472,318:59,740
1464,1148368.8340136472,318:59,740
1465,1148368.8340136472,318:59,740
1466,1148368.8340136472,318:59,740
1467,1148368.8340136472,318:59,740
1468,1148368.8340136472,318:59,740
1469,1148368.8340136472,318:59,740
1470,1148368.8340136472,318:59,740
1471,1148368.8340136472,318:59,740
1472,1148368.8340136472,318:59,740
1473,1148368.8340136472,318:59,740
1474,1148368.8340136472,318:59,740
1475,1148368.8340136472,318:59,740
1476,1148368.8340136472,318:59,740
1477,1160938.8340136472,322:28,750
1478,1160938.8340136472,322:28,750
1479,1160938.8340136472,322:28,750
1480,1160938.8340136472,322:28,750
1481,1160938.8340136472,322:28,750
1482,1160938.8340136472,322:28,750
1483,1160938.8340136472,322:28,750
1484,1160938.8340136472,322:28,750
1485,1160938.8340136472,322:28,750
1486,1160938.8340136472,322:28,750
1487,1160938.8340136472,322:28,750
1488,1160938.8340136472,322:28,750
1489,1160938.8340136472,322:28,750
1490,1160938.8340136472,322:28,750
1491,1160938.8340136472,322:28,750
1492,1160938.8340136472,322:28,750
1493,1160938.8340136472,322:28,750
1494,1160938.8340136472,322:28,750
1495,1160938.8340136472,322:28,750
1496,1160938.8340136472,322:28,750
1497,1176654.3340136472,326:50,760
1498,1176654.3340136472,326:50,760
1499,1176654.3340136472,326:50,760
1500,1176654.3340136472,326:50,760
1501,1176654.3340136472,326:50,760
1502,1176654.3340136472,326:50,760
1503,1176654.3340136472,326:50,760
1504,1182187.8340136472,328:23,770
1505,1182187.8340136472,328:23,770
1506,1182187.8340136472,328:23,770
1507,1182187.8340136472,328:23,770
1508,1182187.8340136472,328:23,770
1509,1182187.8340136472,328:23,770
1510,1182187.8340136472,328:23,770
1511,1182187.8340136472,328:23,770
1512,1182187.8340136472,328:23,770
1513,1182187.8340136472,328:23,770
1514,1182187.8340136472,328:23,770
1515,1182187.8340136472,328:23,770
1516,1182187.8340136472,328:23,770
1517,1182187.8340136472,328:23,770
1518,1182187.8340136472,328:23,770
1519,1182187.8340136472,328:23,770
1520,1182187.8340136472,328:23,770
1521,1182187.8340136472,328:23,770
1522,1182187.8340136472,328:23,770
1523,1182187.8340136472,328:23,770
1524,1182187.8340136472,328:23,770
1525,1182187.8340136472,328:23,770
1526,1182187.8340136472,328:23,770
1527,1182187.8340136472,328:23,770
1528,1182187.8340136472,328:23,770
1529,1182187.8340136472,328:23,770
1530,1182187.8340136472,328:23,770
1531,1182187.8340136472,328:23,770
1532,1182187.8340136472,328:23,770
1533,1182187.8340136472,328:23,770
1534,1182187.8340136472,328:23,770
1535,1182187.8340136472,328:23,770
1536,1182187.8340136472,328:23,770
1537,1182187.8340136472,328:23,770
1538,1182187.8340136472,328:23,770
1539,1182187.8340136472,328:23,770
1540,1182187.8340136472,328:23,770
1541,1182187.8340136472,328:23,770
1542,1182187.8340136472,328:23,770
1543,1182187.8340136472,328:23,770
1544,1182187.8340136472,328:23,770
1545,1182187.8340136472,328:23,770
1546,1182187.8340136472,328:23,770
1547,1215982.0840136472,337:46,780
1548,1215982.0840136472,337:46,780
1549,1215982.0840136472,337:46,780
1550,1215982.0840136472,337:46,780
1551,1215982.0840136472,337:46,780
1552,1215982.0840136472,337:46,780
1553,1215982.0840136472,337:46,780
1554,1215982.0840136472,337:46,780
1555,1215982.0840136472,337:46,780
1556,1215982.0840136472,337:46,780
1557,1215982.0840136472,337:46,780
1558,1215982.0840136472,337:46,780
1559,1215982.0840136472,337:46,780
1560,1215982.0840136472,337:46,780
1561,1215982.0840136472,337:46,780
1562,1215982.0840136472,337:46,780
1563,1228555.0840136472,341:15,790
1564,1228555.0840136472,341:15,790
1565,1228555.0840136472,341:15,790
1566,1230896.5840136472,341:54,800
1567,1230896.5840136472,341:54,800
1568,1230896.5840136472,341:54,800
1569,1230896.5840136472,341:54,800
1570,1230896.5840136472,341:54,800
1571,1230896.5840136472,341:54,800
1572,1230896.5840136472,341:54,800
1573,1230896.5840136472,341:54,800
1574,1230896.5840136472,341:54,800
1575,1230896.5840136472,341:54,800
1576,1230896.5840136472,341:54,800
1577,1230896.5840136472,341:54,800
1578,1230896.5840136472,341:54,800
1579,1230896.5840136472,341:54,800
1580,1230896.5840136472,341:54,800
1581,1230896.5840136472,341:54,800
1582,1230896.5840136472,341:54,800
1583,1230896.5840136472,341:54,800
1584,1230896.5840136472,341:54,800
1585,1230896.5840136472,341:54,800
1586,1230896.5840136472,341:54,800
1587,1230896.5840136472,341:54,800
1588,1230896.5840136472,341:54,800
1589,1230896.5840136472,341:54,800
1590,1230896.5840136472,341:54,800
1591,1230896.5840136472,341:54,800
1592,1230896.5840136472,341:54,800
1593,1230896.5840136472,341:54,800
1594,1230896.5840136472,341:54,800
1595,1230896.5840136472,341:54,800
1596,1230896.5840136472,341:54,800
1597,1230896.5840136472,341:54,800
1598,1230896.5840136472,341:54,800
1599,1256834.5840136472,349:07,810
1600,1256834.5840136472,349:07,810
1601,1256834.5840136472,349:07,810
1602,1256834.5840136472,349:07,810
1603,1256834.5840136472,349:07,810
1604,1256834.5840136472,349:07,810
1605,1256834.5840136472,349:07,810
1606,1256834.5840136472,349:07,810
1607,1256834.5840136472,349:07,810
1608,1256834.5840136472,349:07,810
1609,1256834.5840136472,349:07,810
1610,1256834.5840136472,349:07,810
1611,1256834.5840136472,349:07,810
1612,1256834.5840136472,349:07,810
1613,1256834.5840136472,349:07,810
1614,1256834.5840136472,349:07,810
1615,1256834.5840136472,349:07,810
1616,1256834.5840136472,349:07,810
1617,1256834.5840136472,349:07,810
1618,1256834.5840136472,349:07,810
1619,1256834.5840136472,349:07,810
1620,1256834.5840136472,349:07,810
1621,1256834.5840136472,349:07,810
1622,1256834.5840136472,349:07,810
1623,1275689.5840136472,354:21,820
1624,1275689.5840136472,354:21,820
1625,1275689.5840136472,354:21,820
1626,1275689.5840136472,354:21,820
1627,1278835.0840136472,355:13,830
1628,1278835.0840136472,355:13,830
1629,1278835.0840136472,355:13,830
1630,1278835.0840136472,355:13,830
1631,1278835.0840136472,355:13,830
1632,1278835.0840136472,355:13,830
1633,1278835.0840136472,355:13,830
1634,1278835.0840136472,355:13,830
1635,1278835.0840136472,355:13,830
1636,1278835.0840136472,355:13,830
1637,1278835.0840136472,355:13,830
1638,1278835.0840136472,355:13,830
1639,1278835.0840136472,355:13,830
1640,1278835.0840136472,355:13,830
1641,1278835.0840136472,355:13,830
1642,1278835.0840136472,355:13,830
1643,1278835.0840136472,355:13,830
1644,1278835.0840136472,355:13,830
1645,1278835.0840136472,355:13,830
1646,1278835.0840136472,355:13,830
1647,1278835.0840136472,355:13,830
1648,1278835.0840136472,355:13,830
1649,1278835.0840136472,355:13,830
1650,1278835.0840136472,355:13,830
1651,1278835.0840136472,355:13,830
1652,1278835.0840136472,355:13,830
1653,1278835.0840136472,355:13,830
1654,1278835.0840136472,355:13,830
1655,1278835.0840136472,355:13,830
1656,1278835.0840136472,355:13,830
1657,1278835.0840136472,355:13,830
1658,1278835.0840136472,355:13,830
1659,1278835.0840136472,355:13,830
1660,1278835.0840136472,355:13,830
1661,1278835.0840136472,355:13,830
1662,1278835.0840136472,355:13,830
1663,1278835.0840136472,355:13,830
1664,1278835.0840136472,355:13,830
1665,1278835.0840136472,355:13,830
1666,1278835.0840136472,355:13,830
1667,1278835.0840136472,355:13,830
1668,1278835.0840136472,355:13,830
1669,1278835.0840136472,355:13,830
1670,1278835.0840136472,355:13,830
1671,1313424.3340136472,364:50,840
1672,1313424.3340136472,364:50,840
1673,1313424.3340136472,364:50,840
1674,1313424.3340136472,364:50,840
1675,1313424.3340136472,364:50,840
1676,1313424.3340136472,364:50,840
1677,1313424.3340136472,364:50,840
1678,1313424.3340136472,364:50,840
1679,1313424.3340136472,364:50,840
1680,1313424.3340136472,364:50,840
1681,1313424.3340136472,364:50,840
1682,1313424.3340136472,364:50,840
1683,1313424.3340136472,364:50,840
1684,1313424.3340136472,364:50,840
1685,1313424.3340136472,364:50,840
1686,1313424.3340136472,364:50,840
1687,1313424.3340136472,364:50,840
1688,1313424.3340136472,364:50,840
1689,1313424.3340136472,364:50,840
1690,1313424.3340136472,364:50,840
1691,1313424.3340136472,364:50,840
1692,1329913.0840136472,369:25,850
1693,1329913.0840136472,369:25,850
1694,1329913.0840136472,369:25,850
1695,1329913.0840136472,369:25,850
1696,1329913.0840136472,369:25,850
1697,1329913.0840136472,369:25,850
1698,1329913.0840136472,369:25,850
1699,1329913.0840136472,369:25,850
1700,1329913.0840136472,369:25,850
1701,1329913.0840136472,369:25,850
1702,1329913.0840136472,369:25,850
1703,1329913.0840136472,369:25,850
1704,1329913.0840136472,369:25,850
1705,1329913.0840136472,369:25,850
1706,1329913.0840136472,369:25,850
1707,1329913.0840136472,369:25,850
1708,1342480.0840136472,372:54,860
1709,1342480.0840136472,372:54,860
1710,1342480.0840136472,372:54,860
1711,1342480.0840136472,372:54,860
1712,1345625.5840136472,373:47,870
1713,1345625.5840136472,373:47,870
1714,1345625.5840136472,373:47,870
1715,1345625.5840136472,373:47,870
1716,1345625.5840136472,373:47,870
1717,1345625.5840136472,373:47,870
1718,1345625.5840136472,373:47,870
1719,1345625.5840136472,373:47,870
1720,1345625.5840136472,373:47,870
1721,1345625.5840136472,373:47,870
1722,1345625.5840136472,373:47,870
1723,1345625.5840136472,373:47,870
1724,1345625.5840136472,373:47,870
1725,1345625.5840136472,373:47,870
1726,1345625.5840136472,373:47,870
1727,1345625.5840136472,373:47,870
1728,1345625.5840136472,373:47,870
1729,1345625.5840136472,373:47,870
1730,1345625.5840136472,373:47,870
1731,1345625.5840136472,373:47,870
1732,1345625.5840136472,373:47,870
1733,1345625.5840136472,373:47,870
1734,1345625.5840136472,373:47,870
1735,1345625.5840136472,373:47,870
1736,1345625.5840136472,373:47,870
1737,1345625.5840136472,373:47,870
1738,1345625.5840136472,373:47,870
1739,1345625.5840136472,373:47,870
1740,1345625.5840136472,373:47,870
1741,1345625.5840136472,373:47,870
1742,1345625.5840136472,373:47,870
1743,1369992.3340136472,380:33,880
1744,1369992.3340136472,380:33,880
1745,1369992.3340136472,380:33,880
1746,1369992.3340136472,380:33,880
1747,1369992.3340136472,380:33,880
1748,1369992.3340136472,380:33,880
1749,1369992.3340136472,380:33,880
1750,1369992.3340136472,380:33,880
1751,1369992.3340136472,380:33,880
1752,1369992.3340136472,380:33,880
1753,1369992.3340136472,380:33,880
1754,1369992.3340136472,380:33,880
1755,1369992.3340136472,380:33,880
1756,1369992.3340136472,380:33,880
1757,1369992.3340136472,380:33,880
1758,1369992.3340136472,380:33,880
1759,1382559.3340136472,384:02,890
1760,1382559.3340136472,384:02,890
1761,1382559.3340136472,384:02,890
1762,1382559.3340136472,384:02,890
1763,1382559.3340136472,384:02,890
1764,1382559.3340136472,384:02,890
1765,1382559.3340136472,384:02,890
1766,1382559.3340136472,384:02,890
1767,1382559.3340136472,384:02,890
1768,1389620.5840136472,386:00,900
1769,1389620.5840136472,386:00,900
1770,1389620.5840136472,386:00,900
1771,1389620.5840136472,386:00,900
1772,1389620.5840136472,386:00,900
1773,1389620.5840136472,386:00,900
1774,1389620.5840136472,386:00,900
1775,1389620.5840136472,386:00,900
1776,1389620.5840136472,386:00,900
1777,1389620.5840136472,386:00,900
1778,1389620.5840136472,386:00,900
1779,1389620.5840136472,386:00,900
1780,1389620.5840136472,386:00,900
1781,1389620.5840136472,386:00,900
1782,1389620.5840136472,386:00,900
1783,1389620.5840136472,386:00,900
1784,1389620.5840136472,386:00,900
1785,1389620.5840136472,386:00,900
1786,1389620.5840136472,386:00,900
1787,1389620.5840136472,386:00,900
1788,1389620.5840136472,386:00,900
1789,1406128.0840136472,390:35,910
1790,1406128.0840136472,390:35,910
1791,1406128.0840136472,390:35,910
1792,1406128.0840136472,390:35,910
1793,1406128.0840136472,390:35,910
1794,1406128.0840136472,390:35,910
1795,1406128.0840136472,390:35,910
1796,1406128.0840136472,390:35,910
1797,1406128.0840136472,390:35,910
1798,1406128.0840136472,390:35,910
1799,1406128.0840136472,390:35,910
1800,1406128.0840136472,390:35,910
1801,1406128.0840136472,390:35,910
1802,1406128.0840136472,390:35,910
1803,1406128.0840136472,390:35,910
1804,1406128.0840136472,390:35,910
1805,1418701.0840136472,394:05,920
1806,1418701.0840136472,394:05,920
1807,1418701.0840136472,394:05,920
1808,1418701.0840136472,394:05,920
1809,1418701.0840136472,394:05,920
1810,1418701.0840136472,394:05,920
1811,1418701.0840136472,394:05,920
1812,1418701.0840136472,394:05,920
1813,1418701.0840136472,394:05,920
1814,1418701.0840136472,394:05,920
1815,1418701.0840136472,394:05,920
1816,1418701.0840136472,394:05,920
1817,1418701.0840136472,394:05,920
1818,1418701.0840136472,394:05,920
1819,1418701.0840136472,394:05,920
1820,1418701.0840136472,394:05,920
1821,1418701.0840136472,394:05,920
1822,1418701.0840136472,394:05,920
1823,1418701.0840136472,394:05,920
1824,1418701.0840136472,394:05,920
1825,1418701.0840136472,394:05,920
1826,1418701.0840136472,394:05,920
1827,1418701.0840136472,394:05,920
1828,1418701.0840136472,394:05,920
1829,1418701.0840136472,394:05,920
1830,1418701.0840136472,394:05,920
1831,1418701.0840136472,394:05,920
1832,1418701.0840136472,394:05,920
1833,1418701.0840136472,394:05,920
1834,1418701.0840136472,394:05,920
1835,1442266.8340136472,400:37,930
1836,1442266.8340136472,400:37,930
1837,1442266.8340136472,400:37,930
1838,1442266.8340136472,400:37,930
1839,1442266.8340136472,400:37,930
1840,1442266.8340136472,400:37,930
1841,1442266.8340136472,400:37,930
1842,1442266.8340136472,400:37,930
1843,1442266.8340136472,400:37,930
1844,1442266.8340136472,400:37,930
1845,1442266.8340136472,400:37,930
1846,1450899.3340136472,403:01,940
1847,1450899.3340136472,403:01,940
1848,1450899.3340136472,403:01,940
1849,1450899.3340136472,403:01,940
1850,1450899.3340136472,403:01,940
1851,1450899.3340136472,403:01,940
1852,1450899.3340136472,403:01,940
1853,1450899.3340136472,403:01,940
1854,1450899.3340136472,403:01,940
1855,1450899.3340136472,403:01,940
1856,1450899.3340136472,403:01,940
1857,1450899.3340136472,403:01,940
1858,1450899.3340136472,403:01,940
1859,1450899.3340136472,403:01,940
1860,1450899.3340136472,403:01,940
1861,1450899.3340136472,403:01,940
1862,1450899.3340136472,403:01,940
1863,1450899.3340136472,403:01,940
1864,1450899.3340136472,403:01,940
1865,1450899.3340136472,403:01,940
1866,1450899.3340136472,403:01,940
1867,1450899.3340136472,403:01,940
1868,1450899.3340136472,403:01,940
1869,1450899.3340136472,403:01,940
1870,1450899.3340136472,403:01,940
1871,1450899.3340136472,403:01,940
1872,1450899.3340136472,403:01,940
1873,1450899.3340136472,403:01,940
1874,1450899.3340136472,403:01,940
1875,1450899.3340136472,403:01,940
1876,1450899.3340136472,403:01,940
1877,1450899.3340136472,403:01,940
1878,1450899.3340136472,403:01,940
1879,1450899.3340136472,403:01,940
1880,1450899.3340136472,403:01,940
1881,1478405.5840136472,410:40,950
1882,1478405.5840136472,410:40,950
1883,1478405.5840136472,410:40,950
1884,1478405.5840136472,410:40,950
1885,1481551.0840136472,411:32,960
1886,1481551.0840136472,411:32,960
1887,1481551.0840136472,411:32,960
1888,1481551.0840136472,411:32,960
1889,1481551.0840136472,411:32,960
1890,1481551.0840136472,411:32,960
1891,1481551.0840136472,411:32,960
1892,1481551.0840136472,411:32,960
1893,1481551.0840136472,411:32,960
1894,1481551.0840136472,411:32,960
1895,1481551.0840136472,411:32,960
1896,1490202.3340136472,413:56,970
1897,1490202.3340136472,413:56,970
1898,1490202.3340136472,413:56,970
1899,1490202.3340136472,413:56,970
1900,1490202.3340136472,413:56,970
1901,1490202.3340136472,413:56,970
1902,1490202.3340136472,413:56,970
1903,1490202.3340136472,413:56,970
1904,1490202.3340136472,413:56,970
1905,1490202.3340136472,413:56,970
1906,1490202.3340136472,413:56,970
1907,1490202.3340136472,413:56,970
1908,1490202.3340136472,413:56,970
1909,1490202.3340136472,413:56,970
1910,1490202.3340136472,413:56,970
1911,1490202.3340136472,413:56,970
1912,1490202.3340136472,413:56,970
1913,1490202.3340136472,413:56,970
1914,1490202.3340136472,413:56,970
1915,1490202.3340136472,413:56,970
1916,1490202.3340136472,413:56,970
1917,1490202.3340136472,413:56,970
1918,1490202.3340136472,413:56,970
1919,1490202.3340136472,413:56,970
1920,1490202.3340136472,413:56,970
1921,1490202.3340136472,413:56,970
1922,1490202.3340136472,413:56,970
1923,1490202.3340136472,413:56,970
1924,1490202.3340136472,413:56,970
1925,1490202.3340136472,413:56,970
1926,1490202.3340136472,413:56,970
1927,1490202.3340136472,413:56,970
1928,1490202.3340136472,413:56,970
1929,1490202.3340136472,413:56,970
1930,1490202.3340136472,413:56,970
1931,1490202.3340136472,413:56,970
1932,1490202.3340136472,413:56,970
1933,1490202.3340136472,413:56,970
1934,1490202.3340136472,413:56,970
1935,1490202.3340136472,413:56,970
1936,1490202.3340136472,413:56,970
1937,1490202.3340136472,413:56,970
1938,1490202.3340136472,413:56,970
1939,1490202.3340136472,413:56,970
1940,1490202.3340136472,413:56,970
1941,1490202.3340136472,413:56,970
1942,1490202.3340136472,413:56,970
1943,1490202.3340136472,413:56,970
1944,1490202.3340136472,413:56,970
1945,1490202.3340136472,413:56,970
1946,1529536.0840136472,424:52,980
1947,1529536.0840136472,424:52,980
1948,1529536.0840136472,424:52,980
1949,1529536.0840136472,424:52,980
1950,1529536.0840136472,424:52,980
1951,1529536.0840136472,424:52,980
1952,1529536.0840136472,424:52,980
1953,1529536.0840136472,424:52,980
1954,1529536.0840136472,424:52,980
1955,1529536.0840136472,424:52,980
1956,1529536.0840136472,424:52,980
1957,1529536.0840136472,424:52,980
1958,1529536.0840136472,424:52,980
1959,1529536.0840136472,424:52,980
1960,1529536.0840136472,424:52,980
1961,1529536.0840136472,424:52,980
1962,1529536.0840136472,424:52,980
1963,1529536.0840136472,424:52,980
1964,1529536.0840136472,424:52,980
1965,1529536.0840136472,424:52,980
1966,1529536.0840136472,424:52,980
1967,1529536.0840136472,424:52,980
1968,1529536.0840136472,424:52,980
1969,1547593.0840136472,429:53,990
1970,1547593.0840136472,429:53,990
1971,1547593.0840136472,429:53,990
1972,1547593.0840136472,429:53,990
1973,1547593.0840136472,429:53,990
1974,1547593.0840136472,429:53,990
1975,1547593.0840136472,429:53,990
1976,1547593.0840136472,429:53,990
1977,1547593.0840136472,429:53,990
1978,1547593.0840136472,429:53,990
1979,1547593.0840136472,429:53,990
1980,1547593.0840136472,429:53,990
1981,1557017.5840136472,432:30,1000
